{
  "version": 1,
  "author": "Gabriell Virgo",
  "editor": "wokwi",
  "parts": [
    { "type": "wokwi-breadboard", "id": "bb1", "top": -262.2, "left": -179.6, "attrs": {} },
    { "type": "wokwi-arduino-uno", "id": "uno", "top": 19.8, "left": -19.8, "attrs": {} },
    {
      "type": "wokwi-led",
      "id": "led1",
      "top": -186,
      "left": 119,
      "attrs": { "color": "magenta" }
    },
    { "type": "wokwi-led", "id": "led2", "top": -186, "left": 80.6, "attrs": { "color": "blue" } },
    { "type": "wokwi-led", "id": "led3", "top": -186, "left": 23, "attrs": { "color": "green" } },
    {
      "type": "wokwi-led",
      "id": "led4",
      "top": -186,
      "left": -25,
      "attrs": { "color": "yellow" }
    },
    { "type": "wokwi-led", "id": "led5", "top": -186, "left": -73, "attrs": { "color": "red" } },
    {
      "type": "wokwi-resistor",
      "id": "r1",
      "top": -100.8,
      "left": 105.05,
      "rotate": 90,
      "attrs": { "value": "1" }
    },
    {
      "type": "wokwi-resistor",
      "id": "r2",
      "top": -100.8,
      "left": 66.65,
      "rotate": 90,
      "attrs": { "value": "1" }
    },
    {
      "type": "wokwi-resistor",
      "id": "r3",
      "top": -100.8,
      "left": 9.05,
      "rotate": 90,
      "attrs": { "value": "1" }
    },
    {
      "type": "wokwi-resistor",
      "id": "r4",
      "top": -100.8,
      "left": -38.95,
      "rotate": 90,
      "attrs": { "value": "1" }
    },
    {
      "type": "wokwi-resistor",
      "id": "r5",
      "top": -100.8,
      "left": -86.95,
      "rotate": 90,
      "attrs": { "value": "1" }
    }
  ],
  "connections": [
    [ "r5:2", "uno:GND.3", "black", [ "h0", "v315.6", "h220.8" ] ],
    [ "led5:A", "uno:13", "red", [ "v144", "h153.6" ] ],
    [ "led4:A", "uno:12", "yellow", [ "v124.8", "h115.2" ] ],
    [ "led3:A", "uno:11", "green", [ "v115.2", "h76.8" ] ],
    [ "led2:A", "uno:10", "blue", [ "v105.6", "h28.8" ] ],
    [ "led1:A", "uno:9", "magenta", [ "v0" ] ],
    [ "led1:A", "bb1:32b.f", "", [ "$bb" ] ],
    [ "led1:C", "bb1:31b.f", "", [ "$bb" ] ],
    [ "led2:A", "bb1:28b.f", "", [ "$bb" ] ],
    [ "led2:C", "bb1:27b.f", "", [ "$bb" ] ],
    [ "led3:A", "bb1:22b.f", "", [ "$bb" ] ],
    [ "led3:C", "bb1:21b.f", "", [ "$bb" ] ],
    [ "led4:A", "bb1:17b.f", "", [ "$bb" ] ],
    [ "led4:C", "bb1:16b.f", "", [ "$bb" ] ],
    [ "led5:A", "bb1:12b.f", "", [ "$bb" ] ],
    [ "led5:C", "bb1:11b.f", "", [ "$bb" ] ],
    [ "r1:1", "bb1:31b.h", "", [ "$bb" ] ],
    [ "r1:2", "bb1:bn.25", "", [ "$bb" ] ],
    [ "r2:1", "bb1:27b.h", "", [ "$bb" ] ],
    [ "r2:2", "bb1:bn.21", "", [ "$bb" ] ],
    [ "r3:1", "bb1:21b.h", "", [ "$bb" ] ],
    [ "r3:2", "bb1:bn.16", "", [ "$bb" ] ],
    [ "r4:1", "bb1:16b.h", "", [ "$bb" ] ],
    [ "r4:2", "bb1:bn.12", "", [ "$bb" ] ],
    [ "r5:1", "bb1:11b.h", "", [ "$bb" ] ],
    [ "r5:2", "bb1:bn.8", "", [ "$bb" ] ]
  ],
  "dependencies": {}
}